plot_id,producteur,surface_ha,latitude,longitude
EX-0001,Producteur fictif 001,2.2,6.400140,-5.600321
EX-0002,Producteur fictif 002,3.17,6.399855,-5.596529
EX-0003,Producteur fictif 003,2.76,6.399677,-5.592395
EX-0004,Producteur fictif 004,3.56,6.400467,-5.589402
EX-0005,Producteur fictif 005,2.35,,
EX-0006,Producteur fictif 006,1.82,6.399948,-5.581674
EX-0007,Producteur fictif 007,2.38,6.399726,-5.578622
EX-0008,Producteur fictif 008,0.84,6.400163,-5.574869
EX-0009,Producteur fictif 009,1.39,6.399865,-5.571252
EX-0010,Producteur fictif 010,1.7,6.399935,-5.567505
EX-0011,Producteur fictif 011,3.19,6.403975,-5.600291
EX-0012,Producteur fictif 012,3.64,-5.596293,6.403445
EX-0013,Producteur fictif 013,3.5,6.403533,-5.592737
EX-0014,Producteur fictif 014,1.74,6.403796,-5.589381
EX-0015,Producteur fictif 015,1.48,6.403801,-5.585838
EX-0016,Producteur fictif 016,1.37,6.403680,-5.582007
EX-0017,Producteur fictif 017,2.66,6.403648,-5.578169
EX-0018,Producteur fictif 018,2.28,0.000,0.000
EX-0019,Producteur fictif 019,2.53,6.403776,-5.571230
EX-0020,Producteur fictif 020,3.18,6.403102,-5.567684
EX-0021,Producteur fictif 021,2.3,6.407027,-5.599981
EX-0022,Producteur fictif 022,3.77,6.407605,-5.596807
EX-0023,Producteur fictif 023,2.99,6.688231,-1.623451
EX-0024,Producteur fictif 024,2.05,6.407267,-5.589386
EX-0025,Producteur fictif 025,3.47,6.407658,-5.585326
EX-0026,Producteur fictif 026,3.64,6.406860,-5.581879
EX-0027,Producteur fictif 027,1.64,6.406998,-5.578876
EX-0028,Producteur fictif 028,1.08,6.407187,-5.574628
EX-0029,Producteur fictif 029,2.27,6.407304,-5.571687
EX-0030,Producteur fictif 030,3.47,6.407264,-5.567499
EX-0031,Producteur fictif 031,3.63,6.410,-5.600
EX-0032,Producteur fictif 032,2.78,6.410939,-5.596112
EX-0033,Producteur fictif 033,1.5,6.411217,-5.592754
EX-0034,Producteur fictif 034,1.2,6.411114,-5.589101
EX-0035,Producteur fictif 035,3.1,6.410703,-5.585484
EX-0036,Producteur fictif 036,3.37,6.410907,-5.582432
EX-0037,Producteur fictif 037,2.77,6.410621,-5.578272
EX-0038,Producteur fictif 038,1.19,6.410969,-5.574962
EX-0039,Producteur fictif 039,1.05,6.410333,-5.571420
EX-0040,Producteur fictif 040,2.35,6.410532,-5.567545
EX-0040,Producteur fictif 041,1.87,6.414781,-5.599840
EX-0042,Producteur fictif 042,1.15,6.414214,-5.596581
EX-0043,Producteur fictif 043,2.22,6.414720,-5.592637
EX-0044,Producteur fictif 044,2.9,6.414858,-5.589142
EX-0045,Producteur fictif 045,1.45,6.414789,-5.585355
EX-0046,Producteur fictif 046,3.33,6.414617,-5.581850
EX-0047,Producteur fictif 047,2.61,6.414589,-5.578556
EX-0048,Producteur fictif 048,1.86,6.414002,-5.574891
EX-0049,Producteur fictif 049,1.14,6.414117,-5.570737
EX-0050,Producteur fictif 050,6.2,6.414001,-5.567732
EX-0051,Producteur fictif 051,2.56,6.417819,-5.599586
EX-0052,Producteur fictif 052,1.18,6.418168,-5.596661
EX-0053,Producteur fictif 053,1.35,6.417923,-5.592510
EX-0054,Producteur fictif 054,2.11,6.418054,-5.588942
EX-0055,Producteur fictif 055,1.9,6.418281,-5.585859
EX-0056,Producteur fictif 056,0.89,6.418465,-5.582457
EX-0057,Producteur fictif 057,1.42,6.417966,-5.578780
EX-0058,Producteur fictif 058,3.67,6.418068,-5.574965
EX-0059,Producteur fictif 059,3.36,6.417574,-5.570764
EX-0060,Producteur fictif 060,1.69,6.418311,-5.567932
EX-0061,Producteur fictif 061,3.35,6.418331,-5.567892
EX-0062,Producteur fictif 062,2.68,6.421375,-5.595920
EX-0063,Producteur fictif 063,2.79,6.421180,-5.592561
EX-0064,Producteur fictif 064,2.45,6.421261,-5.589378
EX-0065,Producteur fictif 065,2.73,6.421677,-5.585638
EX-0066,Producteur fictif 066,1.33,6.422005,-5.582001
EX-0067,Producteur fictif 067,3.12,6.421456,-5.578611
EX-0068,Producteur fictif 068,3.03,6.421306,-5.574648
EX-0069,Producteur fictif 069,1.04,6.421870,-5.570928
EX-0070,Producteur fictif 070,3.44,6.421995,-5.567888
EX-0071,Producteur fictif 071,1.59,6.421995,-5.567888
EX-0072,Producteur fictif 072,1.65,6.424721,-5.596484
EX-0073,Producteur fictif 073,2.56,6.425619,-5.593029
EX-0074,Producteur fictif 074,2.28,6.425128,-5.589522
EX-0075,Producteur fictif 075,2.06,6.425232,-5.585463
EX-0076,Producteur fictif 076,3.73,6.425275,-5.582189
EX-0077,Producteur fictif 077,0.85,6.425587,-5.578347
EX-0078,Producteur fictif 078,2.51,6.425565,-5.575097
EX-0079,Producteur fictif 079,1.69,6.425069,-5.571212
EX-0080,Producteur fictif 080,2.11,6.425066,-5.567421
EX-0081,Producteur fictif 081,3.78,6.429246,-5.599723
EX-0082,Producteur fictif 082,0.87,6.428438,-5.596415
EX-0083,Producteur fictif 083,1.15,6.428376,-5.592805
EX-0084,Producteur fictif 084,1.29,6.429292,-5.589465
EX-0085,Producteur fictif 085,2.67,6.429216,-5.585990
EX-0086,Producteur fictif 086,3.6,6.428655,-5.581760
EX-0087,Producteur fictif 087,3.76,6.428858,-5.577924
EX-0088,Producteur fictif 088,3.16,6.428740,-5.574794
EX-0089,Producteur fictif 089,2.34,6.428501,-5.571056
EX-0090,Producteur fictif 090,2.43,6.429176,-5.568084
